timestamp,experiment_id,model,parameter_changed,parameter_value,cycle,prompt,temperature,top_p,top_k,min_p,num_ctx,num_predict,repeat_penalty,response,total_duration_s,wall_time_s,load_duration_s,prompt_eval_count,eval_count,eval_duration_s,tokens_per_second,response_chars,notes
2026-06-02T12:12:51.668861,variacion_parametros,llama3.2:3b,temperature,0.0,1,Explica en máximo 120 palabras qué es un sensor ultrasónico y cómo podría usarse en un robot móvil educativo.,0.0,0.9,40,0.0,4096,160,1.1,"Un sensor ultrasónico es un dispositivo que emite ondas de ultrasonido y mide el tiempo que tardan en reflejarse contra un objeto cercano. Esto permite medir la distancia entre el sensor y el objeto. En un robot móvil educativo, un sensor ultrasónico podría usarse para detectar obstáculos y evitar colisiones. También podría ser utilizado para seguir una línea o patrón de objetos en el entorno. El sensor proporcionaría información precisa sobre la distancia y posición del robot, lo que permitiría a los estudiantes aprender sobre programación y control de movimientos en un entorno seguro y interactivo.",1.7737984,3.816353600000184,0.1558892,52,136,1.2112252,112.28300071695999,607,
2026-06-02T12:12:55.485431,variacion_parametros,llama3.2:3b,temperature,0.0,2,Explica en máximo 120 palabras qué es un sensor ultrasónico y cómo podría usarse en un robot móvil educativo.,0.0,0.9,40,0.0,4096,160,1.1,"Un sensor ultrasónico es un dispositivo que emite ondas de ultrasonido y mide el tiempo que tardan en reflejarse contra un objeto cercano. Esto permite medir la distancia entre el sensor y el objeto. En un robot móvil educativo, un sensor ultrasónico podría usarse para detectar obstáculos y evitar colisiones. También podría ser utilizado para seguir una línea o patrón de objetos en el entorno. El sensor proporcionaría información precisa sobre la distancia y posición del robot, lo que permitiría a los estudiantes aprender sobre programación y control de movimientos en un entorno seguro y interactivo.",1.6290627,3.6899405000003753,0.1633835,52,136,1.2723993,106.88468627733448,607,
2026-06-02T12:12:59.175585,variacion_parametros,llama3.2:3b,temperature,0.0,3,Explica en máximo 120 palabras qué es un sensor ultrasónico y cómo podría usarse en un robot móvil educativo.,0.0,0.9,40,0.0,4096,160,1.1,"Un sensor ultrasónico es un dispositivo que emite ondas de ultrasonido y mide el tiempo que tardan en reflejarse contra un objeto cercano. Esto permite medir la distancia entre el sensor y el objeto. En un robot móvil educativo, un sensor ultrasónico podría usarse para detectar obstáculos y evitar colisiones. También podría ser utilizado para seguir una línea o patrón de objetos en el entorno. El sensor proporcionaría información precisa sobre la distancia y posición del robot, lo que permitiría a los estudiantes aprender sobre programación y control de movimientos en un entorno seguro y interactivo.",1.705611,3.7590322999994896,0.160079,52,136,1.413619,96.20696948753519,607,
2026-06-02T12:13:02.934935,variacion_parametros,llama3.2:3b,temperature,0.0,4,Explica en máximo 120 palabras qué es un sensor ultrasónico y cómo podría usarse en un robot móvil educativo.,0.0,0.9,40,0.0,4096,160,1.1,"Un sensor ultrasónico es un dispositivo que emite ondas de ultrasonido y mide el tiempo que tardan en reflejarse contra un objeto cercano. Esto permite medir la distancia entre el sensor y el objeto. En un robot móvil educativo, un sensor ultrasónico podría usarse para detectar obstáculos y evitar colisiones. También podría ser utilizado para seguir una línea o patrón de objetos en el entorno. El sensor proporcionaría información precisa sobre la distancia y posición del robot, lo que permitiría a los estudiantes aprender sobre programación y control de movimientos en un entorno seguro y interactivo.",1.6356996,3.6986985000003187,0.1534824,52,136,1.2438779,109.33549024385754,607,
2026-06-02T12:13:06.634146,variacion_parametros,llama3.2:3b,temperature,0.0,5,Explica en máximo 120 palabras qué es un sensor ultrasónico y cómo podría usarse en un robot móvil educativo.,0.0,0.9,40,0.0,4096,160,1.1,"Un sensor ultrasónico es un dispositivo que emite ondas de ultrasonido y mide el tiempo que tardan en reflejarse contra un objeto cercano. Esto permite medir la distancia entre el sensor y el objeto. En un robot móvil educativo, un sensor ultrasónico podría usarse para detectar obstáculos y evitar colisiones. También podría ser utilizado para seguir una línea o patrón de objetos en el entorno. El sensor proporcionaría información precisa sobre la distancia y posición del robot, lo que permitiría a los estudiantes aprender sobre programación y control de movimientos en un entorno seguro y interactivo.",1.6729886,3.731516900000315,0.1838096,52,136,1.303972,104.29671802768772,607,
2026-06-02T12:13:10.365891,variacion_parametros,llama3.2:3b,temperature,0.0,6,Explica en máximo 120 palabras qué es un sensor ultrasónico y cómo podría usarse en un robot móvil educativo.,0.0,0.9,40,0.0,4096,160,1.1,"Un sensor ultrasónico es un dispositivo que emite ondas de ultrasonido y mide el tiempo que tardan en reflejarse contra un objeto cercano. Esto permite medir la distancia entre el sensor y el objeto. En un robot móvil educativo, un sensor ultrasónico podría usarse para detectar obstáculos y evitar colisiones. También podría ser utilizado para seguir una línea o patrón de objetos en el entorno. El sensor proporcionaría información precisa sobre la distancia y posición del robot, lo que permitiría a los estudiantes aprender sobre programación y control de movimientos en un entorno seguro y interactivo.",1.6594003,3.7106830000002446,0.1595025,52,136,1.3293588,102.30496085782107,607,
2026-06-02T12:13:14.076774,variacion_parametros,llama3.2:3b,temperature,0.0,7,Explica en máximo 120 palabras qué es un sensor ultrasónico y cómo podría usarse en un robot móvil educativo.,0.0,0.9,40,0.0,4096,160,1.1,"Un sensor ultrasónico es un dispositivo que emite ondas de ultrasonido y mide el tiempo que tardan en reflejarse contra un objeto cercano. Esto permite medir la distancia entre el sensor y el objeto. En un robot móvil educativo, un sensor ultrasónico podría usarse para detectar obstáculos y evitar colisiones. También podría ser utilizado para seguir una línea o patrón de objetos en el entorno. El sensor proporcionaría información precisa sobre la distancia y posición del robot, lo que permitiría a los estudiantes aprender sobre programación y control de movimientos en un entorno seguro y interactivo.",1.6491279,3.693550900000446,0.1922888,52,136,1.2816741,106.11121813259705,607,
2026-06-02T12:13:17.770513,variacion_parametros,llama3.2:3b,temperature,0.0,8,Explica en máximo 120 palabras qué es un sensor ultrasónico y cómo podría usarse en un robot móvil educativo.,0.0,0.9,40,0.0,4096,160,1.1,"Un sensor ultrasónico es un dispositivo que emite ondas de ultrasonido y mide el tiempo que tardan en reflejarse contra un objeto cercano. Esto permite medir la distancia entre el sensor y el objeto. En un robot móvil educativo, un sensor ultrasónico podría usarse para detectar obstáculos y evitar colisiones. También podría ser utilizado para seguir una línea o patrón de objetos en el entorno. El sensor proporcionaría información precisa sobre la distancia y posición del robot, lo que permitiría a los estudiantes aprender sobre programación y control de movimientos en un entorno seguro y interactivo.",1.7742261,3.8190226999995502,0.200109,52,136,1.401917,97.01002270462516,607,
2026-06-02T12:13:21.589714,variacion_parametros,llama3.2:3b,temperature,0.0,9,Explica en máximo 120 palabras qué es un sensor ultrasónico y cómo podría usarse en un robot móvil educativo.,0.0,0.9,40,0.0,4096,160,1.1,"Un sensor ultrasónico es un dispositivo que emite ondas de ultrasonido y mide el tiempo que tardan en reflejarse contra un objeto cercano. Esto permite medir la distancia entre el sensor y el objeto. En un robot móvil educativo, un sensor ultrasónico podría usarse para detectar obstáculos y evitar colisiones. También podría ser utilizado para seguir una línea o patrón de objetos en el entorno. El sensor proporcionaría información precisa sobre la distancia y posición del robot, lo que permitiría a los estudiantes aprender sobre programación y control de movimientos en un entorno seguro y interactivo.",1.679815,3.7454949999992095,0.1919842,52,136,1.3006703,104.56147111224114,607,
2026-06-02T12:13:25.335404,variacion_parametros,llama3.2:3b,temperature,0.0,10,Explica en máximo 120 palabras qué es un sensor ultrasónico y cómo podría usarse en un robot móvil educativo.,0.0,0.9,40,0.0,4096,160,1.1,"Un sensor ultrasónico es un dispositivo que emite ondas de ultrasonido y mide el tiempo que tardan en reflejarse contra un objeto cercano. Esto permite medir la distancia entre el sensor y el objeto. En un robot móvil educativo, un sensor ultrasónico podría usarse para detectar obstáculos y evitar colisiones. También podría ser utilizado para seguir una línea o patrón de objetos en el entorno. El sensor proporcionaría información precisa sobre la distancia y posición del robot, lo que permitiría a los estudiantes aprender sobre programación y control de movimientos en un entorno seguro y interactivo.",1.717033,3.7733258999996906,0.2088358,52,136,1.3591718,100.0609341659384,607,
2026-06-02T12:13:29.108942,variacion_parametros,llama3.2:3b,temperature,0.7,1,Explica en máximo 120 palabras qué es un sensor ultrasónico y cómo podría usarse en un robot móvil educativo.,0.7,0.9,40,0.0,4096,160,1.1,"Un sensor ultrasonico es una tecnología que emite ondas sonoras de alta frecuencia y mide el tiempo que tardan en ser reflejadas por objetos cercanos. Este tiempo se utiliza para calcular la distancia entre el sensor y el objeto.

En un robot móvil educativo, los sensores ultrasonicos podrían usarse para detectar obstáculos, evitar colisiones con paredes o otros objetos, y ajustar su velocidad de movimiento según sea necesario. También podría utilizarlos para medir la distancia a un objetivo, como una superficie plana, y realizar acciones precisas como levantar objetos o manipular herramientas. Esto puede ayudar a los estudiantes a comprender conceptos de sensorización y control de movimientos en robots.",2.0087432,4.065807800000584,0.1926032,52,160,1.6189361,98.83033678722713,713,
2026-06-02T12:13:33.174976,variacion_parametros,llama3.2:3b,temperature,0.7,2,Explica en máximo 120 palabras qué es un sensor ultrasónico y cómo podría usarse en un robot móvil educativo.,0.7,0.9,40,0.0,4096,160,1.1,"Un sensor ultrasónico es un dispositivo que emite ondas ultrasonoras y detecta el tiempo de vuelo para medir la distancia al objeto cercano. Funciona como sigue: se envían pulsos de sonido hacia el aire, y cuando llegan a un objeto, se refractan y regresan al sensor, quien los mide con precisión. Este sensor es ideal para aplicaciones que requieren una lectura precisa de la distancia, como evitar obstáculos o detectar objetos cercanos.

En un robot móvil educativo, el sensor ultrasónico podría usarse para: - Evitar obstáculos y mantener el camino. - Enviar señales de advertencia cuando se acerque a algo. - Ajustar su velocidad según",1.8601972,3.9068413999993936,0.1522576,52,160,1.5204423,105.23253661122162,640,
2026-06-02T12:13:37.082011,variacion_parametros,llama3.2:3b,temperature,0.7,3,Explica en máximo 120 palabras qué es un sensor ultrasónico y cómo podría usarse en un robot móvil educativo.,0.7,0.9,40,0.0,4096,160,1.1,"Un sensor ultrasónico es un dispositivo que emite ondas sonoras de alta frecuencia y mide el tiempo que tardan en reflejarse en un objeto cercano. Al calcular la distancia, se puede determinar la posición del obstáculo. En un robot móvil educativo, un sensor ultrasónico podría usarse para detectar obstáculos o límites, permitiendo al robot moverse de manera segura y predecible. También podría usarse para realizar tareas como ""saltar"" sobre objetos pequeños, mejorar la estabilidad del robot en superficies irregulares y proporcionar una interacción más realista con el entorno a través de su capacidad para evitar obstáculos y seguir un camino preestablecido.",1.8361386,3.877568799999608,0.1520772,52,157,1.5091902,104.02929995172246,663,
2026-06-02T12:13:40.959799,variacion_parametros,llama3.2:3b,temperature,0.7,4,Explica en máximo 120 palabras qué es un sensor ultrasónico y cómo podría usarse en un robot móvil educativo.,0.7,0.9,40,0.0,4096,160,1.1,"Un sensor ultrasónico es un dispositivo que emite ondas sonoras de alta frecuencia y mide el tiempo que tardan en ser reflejadas por un objeto cercano. Estas ondas se suponían no penetrar la materia, pero algunas ondas ultrasonicas pueden atravesar la atmósfera, lo que les permite detectar objetos a una distancia.

En un robot móvil educativo, un sensor ultrasónico podría usarse para detectar obstáculos y evitar colisiones con ellos. El sensor emite ondas y mide el tiempo de vuelta, lo que le permite determinar la distancia al objeto cercano. Esto puede ser especialmente útil en entornos difíciles o en espacios cerrados donde otros senso",1.8953556,3.954981200000475,0.1818944,52,160,1.5514611,103.12859278263566,645,
2026-06-02T12:13:44.914998,variacion_parametros,llama3.2:3b,temperature,0.7,5,Explica en máximo 120 palabras qué es un sensor ultrasónico y cómo podría usarse en un robot móvil educativo.,0.7,0.9,40,0.0,4096,160,1.1,"Un sensor ultrasónico es un dispositivo que emite ondas de ultrasonido para medir la distancia a objetos cercanos. Funciona envolviendo el aire con sonidos ultrasonicos, los cuales se reflejan de objetos y vuelven al sensor, permitiendo calcular la distancia.

En un robot móvil educativo, un sensor ultrasónico podría usarse para detectar obstáculos y evitar chocar con ellos. También podría servir para controlar el movimiento del robot, permitiéndole avanzar o detenerse según la distancia a los objetos cercanos. Este dispositivo es especialmente útil en entornos con altas probabilidades de obstáculos, como un laboratorio educativo.",1.8397383,3.887348700000075,0.1888069,52,152,1.4739704,103.12283068913732,638,
2026-06-02T12:13:48.802614,variacion_parametros,llama3.2:3b,temperature,0.7,6,Explica en máximo 120 palabras qué es un sensor ultrasónico y cómo podría usarse en un robot móvil educativo.,0.7,0.9,40,0.0,4096,160,1.1,"Un sensor ultrasónico es un dispositivo que emite ondas de ultrasonido y medea el tiempo que tardan en regresar, lo que le permite calcular la distancia a un objeto cercano. Este sensor es ideal para aplicaciones en robots móviles educativos debido a su simplicidad y eficiencia.

En un robot educativo, se podría utilizar un sensor ultrasónico para detectar obstáculos o límites, permitiendo al robot evitarlos de manera segura. También puede utilizarse para medir la distancia entre el robot y otros objetos, lo que puede ser útil para tareas como la navegación o la orientación. Esto permite a los estudiantes aprender sobre la programación y la inteligencia artificial en un entorno interactivo y divertido",1.9093746,3.968105800000558,0.197477,52,160,1.5207078,105.21416408859085,710,
2026-06-02T12:13:52.770914,variacion_parametros,llama3.2:3b,temperature,0.7,7,Explica en máximo 120 palabras qué es un sensor ultrasónico y cómo podría usarse en un robot móvil educativo.,0.7,0.9,40,0.0,4096,160,1.1,"Un sensor ultrasónico es un dispositivo que emite sonidos de alta frecuencia y mide el tiempo que tardan en ser reflejados por una superficie cercana, como un objeto o un obstáculo. Esto permite medir la distancia entre el sensor y la superficie. En un robot móvil educativo, este sensor podría usarse para:

* Evitar obstáculos y mantenerse a una distancia segura
* Medir la distancia hasta un objetivo o un punto específico
* Controlar el movimiento del robot en espacios confinados o con limitaciones de visión

Este sensor es especialmente útil en entornos con baja luz o sin visibilidad.",1.7472768,3.789517899999737,0.2080772,52,144,1.3819449,104.20097067545892,592,
2026-06-02T12:13:56.560654,variacion_parametros,llama3.2:3b,temperature,0.7,8,Explica en máximo 120 palabras qué es un sensor ultrasónico y cómo podría usarse en un robot móvil educativo.,0.7,0.9,40,0.0,4096,160,1.1,"Un sensor ultrasónico es un dispositivo que emite ondas de sonido ultrasonicas para medir la distancia a objetos cercanos. Al detectar las reflecciones de estas ondas, el sensor puede determinar la distancia entre el objeto y el receptor. En un robot móvil educativo, este sensor podría usarse para evitar obstáculos y mantenerse en su trayectoria. También podría ser utilizado para detectar la presencia de objetos o personas y realizar acciones específicas, como detenerse o cambiar de dirección. Este sensor es especialmente útil en entornos cerrados o con muchos obstáculos, permitiendo a los estudiantes aprender sobre la interacción entre el robot y su entorno.",1.8017972,3.8464327000001504,0.1938817,52,149,1.4132358,105.43180409100873,667,
2026-06-02T12:14:00.407280,variacion_parametros,llama3.2:3b,temperature,0.7,9,Explica en máximo 120 palabras qué es un sensor ultrasónico y cómo podría usarse en un robot móvil educativo.,0.7,0.9,40,0.0,4096,160,1.1,"Un sensor ultrasónico es un dispositivo que emite ondas de ultrasonido y mide el tiempo entre la emisión y la reflexión de estas ondas contra un objeto cercano. Este tiempo se utiliza para calcular la distancia al objeto.

En un robot móvil educativo, un sensor ultrasónico podría usarse para permitirle detectar obstáculos y cambiar de dirección o velocidad en consecuencia. También podría utilizarse para evitar chocar con paredes o objetos, lo que ayuda a mantener el equilibrio y la estabilidad del robot. Además, puede ser utilizado para realizar tareas como medir distancias y calcular ángulos, lo que lo hace útil para aplicaciones como el reconocimiento de objetos y la navegación.",1.9631464,4.015137700000196,0.2044152,52,158,1.5929951,99.1842347788766,689,
2026-06-02T12:14:04.422710,variacion_parametros,llama3.2:3b,temperature,0.7,10,Explica en máximo 120 palabras qué es un sensor ultrasónico y cómo podría usarse en un robot móvil educativo.,0.7,0.9,40,0.0,4096,160,1.1,"Un sensor ultrasónico es un dispositivo que emite ondas sonoras de alta frecuencia y mide el tiempo que tardan en ser absorbidas por objetos cercanos. La velocidad de la onda se puede calcular utilizando la ecuación: Distancia = Velocidad del sonido x Tiempo de vuelta.

En un robot móvil educativo, un sensor ultrasónico podría usarse para detectar obstáculos y evitar colisiones. El sensor emite una señal y mide el tiempo que tarda en ser absorbida por un objeto. Si la distancia es corta, el robot puede cambiar de dirección o frenar para evitar un obstáculo. Esto permitiría a los estudiantes aprender sobre la física y la programación de manera inter",1.8845172,3.9413652000002912,0.177331,52,160,1.5555828,102.855341419306,656,
2026-06-02T12:14:08.364278,variacion_parametros,llama3.2:3b,temperature,1.1,1,Explica en máximo 120 palabras qué es un sensor ultrasónico y cómo podría usarse en un robot móvil educativo.,1.1,0.9,40,0.0,4096,160,1.1,"Un sensor ultrasonico es un dispositivo que mide la distancia a una superficie utilizando ondas sonoras. Funciona de la siguiente manera: el sensor emite una serie de pulsaos sonoros y, mientras escucha los reflejos de estas ondas en las superficies cercanas, calcula la distancia entre el sensor y dichas superficies. En un robot móvil educativo, este sensor se podría usar para evitar obstáculos y detectar límites. Por ejemplo, puede ser utilizado para mantener la estabilidad del robot o detectar la presencia de personas. Algunos juegos educativos podrían incluir la creación de un laberinto para que el robot navegue alrededor de él.",1.7904898,3.8584357999998247,0.150492,52,153,1.4584162,104.90832452354822,639,
2026-06-02T12:14:12.222900,variacion_parametros,llama3.2:3b,temperature,1.1,2,Explica en máximo 120 palabras qué es un sensor ultrasónico y cómo podría usarse en un robot móvil educativo.,1.1,0.9,40,0.0,4096,160,1.1,"Un sensor ultrasónico es una clase de dispositivo que emite ondas ultrasonicas y mide el tiempo entre la emisión y la detección reflejos. Estas ondas pueden pasar a través del aire, agua o sólidos, lo que hace que sean útiles para detectar objetos a gran distancia.

En un robot móvil educativo, un sensor ultrasónico podría usarse para controlar la dirección del robot hacia una obstáculo, permitiendo que el robot evite choques. También se puede utilizar para medir la proximidad de los obstáculos y evitar colisiones. Este dispositivo es especialmente útil en entornos de entrenamiento al aire libre donde no hay cables de sensor a su alrededor.",1.8533254,3.9073914999999033,0.1501473,52,158,1.4886742,106.13470697618055,648,
2026-06-02T12:14:16.130488,variacion_parametros,llama3.2:3b,temperature,1.1,3,Explica en máximo 120 palabras qué es un sensor ultrasónico y cómo podría usarse en un robot móvil educativo.,1.1,0.9,40,0.0,4096,160,1.1,"Un sensor ultrasónico es un dispositivo que emite ondas de ultrasonido y detecta las reflejas para medir la distancia a un objeto cercano. Funciona mediante una antena ultrasoníca que emite pulses sonoros, que viajan hasta el objeto y vuelven al dispositivo, produciendo una refleja. El sensor analiza este tiempo de vuelo para calcular la distancia.

En un robot móvil educativo, un sensor ultrasónico podría usarse para permitir a los robots evitar obstáculos, detectar límites o superficies, o seguir un camino predefinido. También podría ayudar a crear juegos y desafíos para el usuario, como detectar y saltar sobre pequeñas piedras en",1.9782735,3.996687799999563,0.1963554,52,160,1.5757159,101.54114710653107,640,
2026-06-02T12:14:20.127412,variacion_parametros,llama3.2:3b,temperature,1.1,4,Explica en máximo 120 palabras qué es un sensor ultrasónico y cómo podría usarse en un robot móvil educativo.,1.1,0.9,40,0.0,4096,160,1.1,"Un sensor ultrasónico es una herramienta que mide la distancia a una superficie utilizando ondas sonoras infrarrojas de alta frecuencia. Cuando se aplica al objetivo, las ondas se reflejan y regresan al sensor, lo que permite medir el tiempo de transmisión. Con esta información, se puede calcular la distancia utilizando ecuaciones matemáticas.

En un robot móvil educativo, un sensor ultrasónico podría usarse para:

- Medir la distancia con el suelo o con obstáculos para evitar chocar.
- Actuar como un ""sensores de adyacencia"".
- Integrarlo en un sistema de navegación inalámbrico para movimiento de objetos.
Es una herramienta útil",1.8682074,3.916294300000118,0.1860547,52,160,1.4767089,108.34904563790467,637,
2026-06-02T12:14:24.044137,variacion_parametros,llama3.2:3b,temperature,1.1,5,Explica en máximo 120 palabras qué es un sensor ultrasónico y cómo podría usarse en un robot móvil educativo.,1.1,0.9,40,0.0,4096,160,1.1,"Un sensor ultrasónico es un dispositivo que emite sonidos de alta frecuencia ultrasonicos, llamados ondas ultrasónicas, que se reflejan en superficies y vuelven al dispositivo, permitiendo medir la distancia entre el sensor y objetos cercanos.

En un robot móvil educativo, este sensor podría usarse para evitar obstáculos, detectar cambios en el entorno y realizar tareas de exploración. Por ejemplo, el sensor podría usar el área de visión del robot como punto de referencia para calcular la distancia a objeto, permitiendo al robot mantenerse a una distancia segura de suelo o paredes.

Esto ayuda a crear un robot más intuitivo y educativo para los niños.",1.7924103,3.848989099999926,0.1759049,52,153,1.4446115,105.91082792847766,659,
2026-06-02T12:14:27.893464,variacion_parametros,llama3.2:3b,temperature,1.1,6,Explica en máximo 120 palabras qué es un sensor ultrasónico y cómo podría usarse en un robot móvil educativo.,1.1,0.9,40,0.0,4096,160,1.1,"Un sensor ultrasónico es un dispositivo que emite ondas de sonido de alta frecuencia (normalmente entre 20 kHz y 40 kHz) para detectar objetos cercanos a través de la resistencia de estas ondas. Cuando las ondas se detienen, el sensor capta una señal de retroceso, lo que permite determinar la distancia al objeto.

En un robot móvil educativo, los sensores ultrasónicos podrían usarse para evitar obstáculos, mantener una distancia segura con objetos, detectar la proximidad a personas o árboles, y ajustar su movimiento para evitar colisiones. También pueden ser utilizados para crear patrones de navegación y aprender sobre espacios envolventes.",1.9931974,4.034746299999824,0.1879876,52,160,1.5448674,103.56875936407228,648,
2026-06-02T12:14:31.928405,variacion_parametros,llama3.2:3b,temperature,1.1,7,Explica en máximo 120 palabras qué es un sensor ultrasónico y cómo podría usarse en un robot móvil educativo.,1.1,0.9,40,0.0,4096,160,1.1,"Un sensor ultrasónico es un dispositivo que emite ondas de ultrasonido para detectar objetos cercanos. Estas ondas se reflejan cuando chocan con un objeto, lo que permite medir la distancia hasta ese objeto. El sensor ultrasónico puede ser utilizado en un robot móvil educativo para detectar obstáculos y evitar colisiones, proporcionando una experiencia segura de aprendizaje para los niños. Además, se puede utilizar para controlar el movimiento del robot, permitiendo que navegue por diferentes entornos de manera predecible y eficiente. Algunas aplicaciones podrían incluir la detección de líneas en caminos o reconocimiento de objetos.",1.8293273,3.8738115000005564,0.2074838,52,150,1.4228806,105.41994879963926,640,
2026-06-02T12:14:35.802509,variacion_parametros,llama3.2:3b,temperature,1.1,8,Explica en máximo 120 palabras qué es un sensor ultrasónico y cómo podría usarse en un robot móvil educativo.,1.1,0.9,40,0.0,4096,160,1.1,"Un sensor ultrasónico es un dispositivo que emite pulso ultrasonidos y detecta los reflejos que reciben de objetos cercanos. Estos reflejos se utilizan para calcular la distancia entre el sensor y el objeto.

En un robot móvil educativo, un sensor ultrasónico podría usarse para implementar funciones como la detección de obstáculos, evitar colisiones con paredes o asfalto, realizar ajustes de movimiento en función de la distancia al entorno, y permitir a los estudiantes probar diferentes patrones de movimiento. Esto permite una interacción emocionante y segura, enseñando habilidades sobre programación, ciencia y tecnología.",1.8431618,3.899762500000179,0.2104646,52,148,1.3745253,107.67353645654977,630,
2026-06-02T12:14:39.702732,variacion_parametros,llama3.2:3b,temperature,1.1,9,Explica en máximo 120 palabras qué es un sensor ultrasónico y cómo podría usarse en un robot móvil educativo.,1.1,0.9,40,0.0,4096,160,1.1,"Un sensor ultrasónico es un dispositivo que utiliza ondas ultrasonicas para detectar objetos o obstáculos a una distancia determinada. Funciona enviando pulsos sonoros, que viajan hasta que se reflejan de algo y regresan al sensor, donde se miden las diferencias de tiempo y velocidad para calcular la distancia.

En un robot móvil educativo, el sensor ultrasónico podría usarse para detectar obstáculos, como paredes o otros objetos, permitiendo que el robot se mueva hacia ellos con seguridad. También podría utilizarse para controlar la velocidad del robot, evitar colisiones y mejorar su autonomía. Este sensor es especialmente útil en entornos de movimiento aleatorio.",1.8681435,3.919425400000364,0.2047681,52,154,1.4716382,104.64528577744177,673,
2026-06-02T12:14:43.622534,variacion_parametros,llama3.2:3b,temperature,1.1,10,Explica en máximo 120 palabras qué es un sensor ultrasónico y cómo podría usarse en un robot móvil educativo.,1.1,0.9,40,0.0,4096,160,1.1,"Un sensor ultrasónico es una tecnología que utiliza ondas sonoras de alta frecuencia para detectar objetos a grandes distancias. Funciona lanzando pulsos sonoros hacia el entorno y midiendo el tiempo que tardan los sonidos en regresar, lo cual se relaciona directamente con la distancia entre el sensor y el objeto.

En un robot móvil educativo, un sensor ultrasónico podría usarse para evitar obstáculos o detectar objetos a corta distancia. Por ejemplo, el robot podría usar el sensor para detectar si está cerca de una pared y cambiar de dirección para evitar colisiones. También podría ser utilizado para seguir una trayectoria predefinida.",1.8342457,3.8815965000003416,0.2032887,52,147,1.5103626,97.32762185716197,644,
2026-06-02T12:14:47.504816,variacion_parametros,llama3.2:3b,top_p,0.7,1,Explica en máximo 120 palabras qué es un sensor ultrasónico y cómo podría usarse en un robot móvil educativo.,0.7,0.7,40,0.0,4096,160,1.1,"Un sensor ultrasónico es un dispositivo que emite ondas de ultrasonido y mide el tiempo de vuelta para detectar la distancia a un objeto cercano. Funciona mediante la emisión de sonidos y la detección del reflejo, lo que permite medir la distancia con alta precisión.

En un robot móvil educativo, un sensor ultrasónico podría usarse para evitar obstáculos, navegar en espacios cerrados o detectar objetos en el camino. También podría ser utilizado para controlar la velocidad del robot y mantener una distancia segura de los objetos. Este tipo de sensor es ideal para aplicaciones donde se requiere precisión y flexibilidad.",1.7785051,3.805334600000606,0.1997253,52,145,1.4305582,101.35903593436466,625,
2026-06-02T12:14:51.310748,variacion_parametros,llama3.2:3b,top_p,0.7,2,Explica en máximo 120 palabras qué es un sensor ultrasónico y cómo podría usarse en un robot móvil educativo.,0.7,0.7,40,0.0,4096,160,1.1,"Un sensor ultrasónico es un dispositivo que emite ondas de ultrasonido y detecta el tiempo de vuelta para medir la distancia a un objeto. Funciona como un ""radar"" no visible, permitiendo a los robots detectar objetos cercanos o lejanos.

En un robot móvil educativo, un sensor ultrasónico podría usarse para:

- Medir la distancia desde el suelo hasta una superficie para evitar obstáculos.
- Detectar la proximidad de un objeto para realizar acciones como abrir puertas o cambiar de dirección.
- Realizar tareas de seguimiento y navegación en entornos con muchos obstáculos.

Permite a los robots aprender sobre el espacio alrededor de ellos y tomar decisiones inteligentes",1.985392,4.023013999999421,0.1776921,52,160,1.6343803,97.8964320605186,674,
2026-06-02T12:14:55.334171,variacion_parametros,llama3.2:3b,top_p,0.7,3,Explica en máximo 120 palabras qué es un sensor ultrasónico y cómo podría usarse en un robot móvil educativo.,0.7,0.7,40,0.0,4096,160,1.1,"Un sensor ultrasónico es un dispositivo que emite ondas de ultrasonido y mide el tiempo de vuelta para determinar la distancia a un objeto cercano. Funciona mediante una transmisión de ondas sonoras hacia el entorno, y luego registra el tiempo que tarda en regresar el eco.

En un robot móvil educativo, un sensor ultrasónico podría usarse para detectar obstáculos o objetos cerca del robot y evitar chocar con ellos. También podría ser utilizado para controlar la velocidad de movimiento del robot según la distancia a los obstáculos. Esto permitiría al robot navegar de manera más segura y eficiente, lo que es especialmente útil en entornos complejos y desconocidos.",1.9127685,3.9638193999999203,0.1953574,52,160,1.5543541,102.93664744732233,669,
2026-06-02T12:14:59.298354,variacion_parametros,llama3.2:3b,top_p,0.7,4,Explica en máximo 120 palabras qué es un sensor ultrasónico y cómo podría usarse en un robot móvil educativo.,0.7,0.7,40,0.0,4096,160,1.1,"Un sensor ultrasónico es un dispositivo que emite sonidos de alta frecuencia (ultrasonidos) y mide el tiempo que tardan en ser absorbidos por un objeto cercano. Al calcular la distancia, se puede determinar la posición del objeto. Este tipo de sensor se utiliza comúnmente en aplicaciones como la detección de obstáculos, seguimiento y navegación.

En un robot móvil educativo, un sensor ultrasónico podría usarse para detectar obstáculos a medida que el robot se mueve por su entorno. Esto permitiría al robot evitar colisiones y seguir un camino predefinido. También podría ser utilizado para crear un sistema de seguimiento automático, permitiendo al robot mantener una distancia constante",1.8809955,3.9447134000001824,0.1566862,52,160,1.5378441,104.04175559798291,692,
2026-06-02T12:15:03.243321,variacion_parametros,llama3.2:3b,top_p,0.7,5,Explica en máximo 120 palabras qué es un sensor ultrasónico y cómo podría usarse en un robot móvil educativo.,0.7,0.7,40,0.0,4096,160,1.1,"Un sensor ultrasónico es un dispositivo que emite ondas sonoras de alta frecuencia y detecta las reacciones del medio para medir la distancia a un objeto. Funciona mediante el principio de reflexión, donde las ondas sonoras se reflejan en un objeto y vuelven al sensor.

En un robot móvil educativo, un sensor ultrasónico podría usarse para:

* Medir la distancia entre el robot y los obstáculos o objetos
* Evitar colisiones con objetos cercanos
* Realizar tareas como recoger objetos a una cierta distancia
* Ajustar su movimiento para evitar obstáculos

Este sensor es útil para que los robots puedan navegar de manera segura y eficiente en entornos",1.8704081,3.8938459000000876,0.163117,52,160,1.509324,106.00772266259597,652,
2026-06-02T12:15:07.137384,variacion_parametros,llama3.2:3b,top_p,0.7,6,Explica en máximo 120 palabras qué es un sensor ultrasónico y cómo podría usarse en un robot móvil educativo.,0.7,0.7,40,0.0,4096,160,1.1,"Un sensor ultrasónico es un dispositivo que emite ondas sonoras de alta frecuencia y mide el tiempo que tardan en regresar, lo que le permite medir la distancia a un objeto cercano. Esto se utiliza para detectar obstáculos, seguir un camino o realizar tareas de navegación.

En un robot móvil educativo, un sensor ultrasónico podría usarse para:

* Detectar obstáculos y evitar chocar con ellos
* Seguir una ruta predefinida en un entorno desconocido
* Realizar tareas de seguimiento o persecución

Este sensor es especialmente útil en robots que se mueven a baja velocidad, ya que permite una detección precisa y precisa.",1.849549,3.904153600000427,0.1827187,52,155,1.4756425,105.03899149014751,622,
2026-06-02T12:15:11.041778,variacion_parametros,llama3.2:3b,top_p,0.7,7,Explica en máximo 120 palabras qué es un sensor ultrasónico y cómo podría usarse en un robot móvil educativo.,0.7,0.7,40,0.0,4096,160,1.1,"Un sensor ultrasónico es un dispositivo que emite sonidos de alta frecuencia y mide el tiempo que tardan en ser reflejados por objetos cercanos. La distancia se calcula a partir del tiempo de vuelta, permitiendo medir distancias precisas.

En un robot móvil educativo, un sensor ultrasónico podría usarse para detectar obstáculos o límites en su camino. Por ejemplo, el robot podría utilizar el sensor para evitar chocar con paredes o otros objetos, y ajustar su ruta de manera automática. Esto permitiría a los estudiantes aprender sobre la programación y el control de movimientos en un entorno seguro y dinámico.",1.9152901,3.9688733000002685,0.2311504,52,146,1.5612192,93.51665672571795,615,
2026-06-02T12:15:15.010855,variacion_parametros,llama3.2:3b,top_p,0.7,8,Explica en máximo 120 palabras qué es un sensor ultrasónico y cómo podría usarse en un robot móvil educativo.,0.7,0.7,40,0.0,4096,160,1.1,"Un sensor ultrasónico es un dispositivo que emite ondas de sonido ultrasonicas y detecta el tiempo de vuelta para medir la distancia a un objeto cercano. Funciona mediante una pieza de cristal o otro material que vibra cuando recibe la onda de regreso, lo que se mide con un sensor.

En un robot móvil educativo, un sensor ultrasónico podría usarse para detectar obstáculos y evitar colisiones. Por ejemplo, el robot podría utilizar este sensor para detectar la distancia a una pared o objeto cercano y ajustar su ruta de manera automática. Esto permitiría al robot aprender a navegar por espacios cerrados y desarrollar habilidades de autonomía.",1.8306925,3.8864434999995865,0.1558663,52,156,1.4857454,104.99780110374226,646,
2026-06-02T12:15:18.897496,variacion_parametros,llama3.2:3b,top_p,0.7,9,Explica en máximo 120 palabras qué es un sensor ultrasónico y cómo podría usarse en un robot móvil educativo.,0.7,0.7,40,0.0,4096,160,1.1,"Un sensor ultrasónico es un dispositivo que emite ondas de ultrasonido y mide el tiempo de vuelta para detectar objetos cercanos. Funciona mediante la emisión de pulsos sonoros y la detección del eco regresante, lo que permite medir la distancia entre el sensor y los objetos.

En un robot móvil educativo, un sensor ultrasónico podría usarse para:

- Detectar obstáculos y evitar colisiones
- Medir la distancia hasta una superficie o objeto
- Controlar el movimiento del robot hacia o lejos de un objetivo

Esto permite a los estudiantes aprender sobre la programación y el control de movimientos en robots, mientras se desarrollan habilidades de percepción y toma de decision",1.9171345,3.9698513000003004,0.1583737,52,160,1.6374296,97.7141246255717,678,
2026-06-02T12:15:22.867565,variacion_parametros,llama3.2:3b,top_p,0.7,10,Explica en máximo 120 palabras qué es un sensor ultrasónico y cómo podría usarse en un robot móvil educativo.,0.7,0.7,40,0.0,4096,160,1.1,"Un sensor ultrasónico es un dispositivo que emite sonidos de alta frecuencia y mide el tiempo que tardan en ser reflejados por objetos cercanos. Esto permite medir la distancia entre el sensor y el objeto. En un robot móvil educativo, un sensor ultrasónico podría usarse para detectar obstáculos o límites y evitar chocar con ellos. También podría servir para controlar la velocidad del robot en función de la distancia al objetivo. Además, se podría utilizar para crear un sistema de navegación autónoma, permitiendo al robot moverse de manera segura y precisa. Esto facilitaría la creación de una experiencia educativa interactiva y segura.",1.7472247,3.764601899999434,0.1927082,52,147,1.3708584,107.23208173798257,642,
2026-06-02T12:15:26.632356,variacion_parametros,llama3.2:3b,top_p,0.9,1,Explica en máximo 120 palabras qué es un sensor ultrasónico y cómo podría usarse en un robot móvil educativo.,0.7,0.9,40,0.0,4096,160,1.1,"Un sensor ultrasónico es un dispositivo que emite impulsos de sonido a alta frecuencia y mide el tiempo que tardan en reflejarse contra una superficie o objeto. Este tiempo se utiliza para calcular la distancia al objeto. En un robot móvil educativo, un sensor ultrasónico podría usarse para detectar obstáculos y evitarlos, permitiendo al robot moverse de manera segura y controlada. También puede ser utilizado para seguir a un objeto en movimiento o para medir la profundidad del agua. Esto proporciona una forma de interactuar con el entorno y aprender sobre la posición y distancia del objeto.",1.6435365,3.6768660999996428,0.1889469,52,135,1.2799643,105.47169167140052,598,
2026-06-02T12:15:30.309620,variacion_parametros,llama3.2:3b,top_p,0.9,2,Explica en máximo 120 palabras qué es un sensor ultrasónico y cómo podría usarse en un robot móvil educativo.,0.7,0.9,40,0.0,4096,160,1.1,"Un sensor ultrasónico es un dispositivo que emite ondas de ultrasonido y mide el tiempo que tardan en volver a llegar desde una superficie hasta el sensor. Esto permite medir la distancia entre el sensor y la superficie. En un robot móvil educativo, un sensor ultrasónico podría usarse para evitar obstáculos, medir distancias y controlar la velocidad del movimiento. Por ejemplo, el robot podría usar el sensor para detectar una pared o un objeto cercano y cambiar de dirección para evitar golpearse. También podría ser utilizado para seguir una línea o medida la distancia al suelo para mantenerse estable.",1.7157931,3.7894079999996393,0.1900296,52,135,1.353431,99.74649612724993,608,
2026-06-02T12:15:34.099277,variacion_parametros,llama3.2:3b,top_p,0.9,3,Explica en máximo 120 palabras qué es un sensor ultrasónico y cómo podría usarse en un robot móvil educativo.,0.7,0.9,40,0.0,4096,160,1.1,"Un sensor ultrasónico es un dispositivo que emite ondas ultrasonicas y mide el tiempo de vuelta para determinar la distancia a un objeto. Funciona mediante la emisión de ondas sonoras superiores a los 20 kHz, lo que permite detectar objetos cercanos.

En un robot móvil educativo, un sensor ultrasónico podría usarse para:

* Medir la distancia al suelo y evitar chocar con él
* Detectar obstáculos y cambiar de dirección automáticamente
* Realizar tareas como ""salir del camino"" o ""caminar alrededor""
* Mejorar la estabilidad y seguridad del robot

Este sensor es ideal para robots educativos, ya que es fácil de instalar y programar.",1.899886,3.9488369000000603,0.1819198,52,160,1.5176228,105.42804180327285,635,
2026-06-02T12:15:38.048358,variacion_parametros,llama3.2:3b,top_p,0.9,4,Explica en máximo 120 palabras qué es un sensor ultrasónico y cómo podría usarse en un robot móvil educativo.,0.7,0.9,40,0.0,4096,160,1.1,"Un sensor ultrasónico es un dispositivo que emite ultrasonidos y detecta los reflejos para medir la distancia a objeto cercano. Funciona de la siguiente manera: el sensor emite una serie de ultrasonidos, que viajan hasta que chocan con un objeto y vuelven hacia el sensor. El sensor recoge la frecuencia del reflejo y calcula la distancia al objeto. En un robot móvil educativo, este sensor podría usarse para:

* Evitar obstáculos y mantener una trayectoria precisa
* Medir la distancia a otros robots o objetos
* Realizar tareas como el seguimiento de personas o objetos en movimiento

Permite implementar funciones avanzadas en la navegación y el control del robot.",1.8583607,3.8974892999995063,0.1902274,52,160,1.4805638,108.0669404452547,668,
2026-06-02T12:15:41.946068,variacion_parametros,llama3.2:3b,top_p,0.9,5,Explica en máximo 120 palabras qué es un sensor ultrasónico y cómo podría usarse en un robot móvil educativo.,0.7,0.9,40,0.0,4096,160,1.1,"Un sensor ultrasónico es un dispositivo que emite ondas sonoras de alta frecuencia y mide el tiempo de vuelta para detectar la distancia a objetos cercanos. Funciona mediante la detección del eco de las ondas sonoras reflejadas por los objetos.

En un robot móvil educativo, el sensor ultrasónico podría usarse para implementar funciones como:

- Evitar obstáculos: el sensor detecta la distancia al suelo y evita chocar con él.
- Navegar en espacios cerrados: el sensor ayuda a seguir una ruta preprogramada sin obstáculos.
- Medir la altura: el sensor puede medir la distancia desde el suelo hasta un objeto.

Aprovecha esta tecnología para crear",1.9029592,3.9287319999993997,0.1707612,52,160,1.5336741,104.32464106944232,648,
2026-06-02T12:15:45.875028,variacion_parametros,llama3.2:3b,top_p,0.9,6,Explica en máximo 120 palabras qué es un sensor ultrasónico y cómo podría usarse en un robot móvil educativo.,0.7,0.9,40,0.0,4096,160,1.1,"Un sensor ultrasónico es un dispositivo que emite ondas de sonido ultrasonicas y medía el tiempo que tardan en ser reflejadas por objetos cercanos. Este sensor se utiliza para detectar la distancia entre el robot y los obstáculos, permitiendo una mayor autonomía y seguridad en su movimiento.

En un robot móvil educativo, un sensor ultrasónico podría usarse para:

* Evitar colisiones con paredes o otros objetos
* Medir la distancia hasta un objetivo
* Controlar el movimiento del robot en espacios estrechos

Este sensor es especialmente útil en entornos cerrados y oscuros, donde otros sensores pueden ser ineficaces.",1.8513467,3.889368599999216,0.1779434,52,150,1.5350223,97.71845008375448,621,
2026-06-02T12:15:49.764594,variacion_parametros,llama3.2:3b,top_p,0.9,7,Explica en máximo 120 palabras qué es un sensor ultrasónico y cómo podría usarse en un robot móvil educativo.,0.7,0.9,40,0.0,4096,160,1.1,"Un sensor ultrasónico es un dispositivo que emite ondas ultrasonoras y mide el tiempo de vuelta para calcular la distancia a un objeto cercano. Funciona detectando cambios en la velocidad de las ondas, lo que permite medir distancias con una precisión de hasta 10 cm.

En un robot móvil educativo, un sensor ultrasónico podría usarse para:

*   Detectar obstáculos y evitarlos.
*   Medir la distancia a otros robots o objetos en el entorno.
*   Controlar la velocidad del robot mientras se mueve a través de espacios con obstáculos.
*   Ajustar la posición del robot según sea necesario.",1.7833102,3.8413501000004544,0.2168505,52,145,1.356688,106.87792624391165,587,
2026-06-02T12:15:53.606178,variacion_parametros,llama3.2:3b,top_p,0.9,8,Explica en máximo 120 palabras qué es un sensor ultrasónico y cómo podría usarse en un robot móvil educativo.,0.7,0.9,40,0.0,4096,160,1.1,"Un sensor ultrasónico es un dispositivo que emite sonido ultrasonico y mide el tiempo que tarda en ser reflejado por un objeto cercano. Cuando se activa, el sensor envía una señal de sonido ultrasonico hacia adelante y registra la velocidad del sonido cuando regresa. La diferencia entre las dos velocidades es proporcional al tamaño del objeto que bloqueó el sonido. En un robot móvil educativo, este sensor podría usarse para detectar obstáculos o objetos cercanos, permitiendo al robot realizar acciones de evasión o detención. También podría ser utilizado para medir la distancia y controlar movimientos precisos en una superficie plana.",1.8056245,3.8465757000003578,0.1854484,52,152,1.418739,107.13739454543789,641,
2026-06-02T12:15:57.453005,variacion_parametros,llama3.2:3b,top_p,0.9,9,Explica en máximo 120 palabras qué es un sensor ultrasónico y cómo podría usarse en un robot móvil educativo.,0.7,0.9,40,0.0,4096,160,1.1,"Un sensor ultrasónico es un dispositivo que emite ondas sonoras de alta frecuencia y mide el tiempo que tardan en reflejarse contra objetos cercanos. Al analizar la diferencia entre el tiempo de transmisión y el tiempo de retroceso, se puede determinar la distancia desde el objeto.

En un robot móvil educativo, un sensor ultrasónico podría usarse para:

*   Medir la distancia a objetos
*   Controlar la velocidad del movimiento
*   Evitar obstáculos
*   Realizar tareas de reconocimiento de entornos",1.5565436,3.6336027999996077,0.1844854,52,123,1.2454968,98.75577359973948,502,
2026-06-02T12:16:01.086829,variacion_parametros,llama3.2:3b,top_p,0.9,10,Explica en máximo 120 palabras qué es un sensor ultrasónico y cómo podría usarse en un robot móvil educativo.,0.7,0.9,40,0.0,4096,160,1.1,"Un sensor ultrasónico es un dispositivo que emite ondas de ultrasonido y mide el tiempo que tardan en ser reflejadas por un objeto cercano. Esta información se utiliza para calcular la distancia entre el sensor y el objeto. En un robot móvil educativo, un sensor ultrasónico podría usarse como "" radar"" para detectar obstáculos y evitar chocar con ellos. También podría usarse para seguir una línea o objetivo a una distancia determinada. Esto permitiría al robot moverse de manera controlada y segura, enseñando conceptos de movimiento y coordinación a los estudiantes.",1.6825127,3.7270502999999735,0.2284329,52,132,1.2831221,102.87407566279157,570,
2026-06-02T12:16:04.814106,variacion_parametros,llama3.2:3b,top_p,0.95,1,Explica en máximo 120 palabras qué es un sensor ultrasónico y cómo podría usarse en un robot móvil educativo.,0.7,0.95,40,0.0,4096,160,1.1,"Un sensor ultrasónico es un dispositivo que emite ondas sonoras de alta frecuencia y mide el tiempo que tarda en reflejarse contra una superficie. El tiempo de vuelta se convierte en una medida de la distancia a la superficie. Estos sensores pueden detectar objetos cercanos o lejanos, lo cual los hace útiles para aplicaciones como la detección de obstáculos en un robot móvil educativo.

En un robot educativo, el sensor ultrasónico podría usarse para:
- Detectar barreras o obstáculos y evitarlos.
- Medir la distancia al suelo para controlar la altura del robot.
- Realizar tareas como la exploración de entornos desconocidos.",1.890517,3.9230705999998463,0.2033319,52,160,1.5075154,106.13490250248853,630,
2026-06-02T12:16:08.737439,variacion_parametros,llama3.2:3b,top_p,0.95,2,Explica en máximo 120 palabras qué es un sensor ultrasónico y cómo podría usarse en un robot móvil educativo.,0.7,0.95,40,0.0,4096,160,1.1,"Un sensor ultrasónico es un dispositivo que emite sonido ultrasonico y mide el tiempo que tarda este sonido en reflejarse de una superficie. Esta información se utiliza para calcular la distancia entre el sensor y la superficie.

En un robot móvil educativo, un sensor ultrasónico podría usarse para detectar obstáculos o límites, permitiendo al robot moverse de manera segura y evitar colisiones. También podría ser utilizado para medir la altura del terreno y realizar tareas como recoger objetos que se encuentren en una superficie plana.

Este sensor es ideal para aplicaciones educativas que requieren detección de obstáculos o movimiento.",1.8635474,3.930304999999862,0.2099619,52,149,1.4483292,102.87716356198577,644,
2026-06-02T12:16:12.667944,variacion_parametros,llama3.2:3b,top_p,0.95,3,Explica en máximo 120 palabras qué es un sensor ultrasónico y cómo podría usarse en un robot móvil educativo.,0.7,0.95,40,0.0,4096,160,1.1,"Un sensor ultrasónico es un dispositivo que emite ondas ultrasónicas y medea el tiempo que tardan en regresar a su fuente, permitiendo detectar obstáculos o objetos cercanos. Este sensor se utiliza comúnmente para evitar colisiones en robots móviles educativos.

En un robot móvil educativo, un sensor ultrasónico puede ser utilizado para detectar la distancia entre el robot y un objeto o pared, lo que le permite ajustar su trayectoria de movimiento y evitar obstáculos. Además, se puede utilizar para crear un sistema de ""cautivas"" que permitan al robot detenerse si se acerca demasiado a un obstáculo.",1.7938309,3.8524336999998923,0.1771051,52,149,1.4150681,105.29528578871928,605,
2026-06-02T12:16:16.520617,variacion_parametros,llama3.2:3b,top_p,0.95,4,Explica en máximo 120 palabras qué es un sensor ultrasónico y cómo podría usarse en un robot móvil educativo.,0.7,0.95,40,0.0,4096,160,1.1,"Un sensor ultrasónico es un dispositivo que emite ondas de ultrasonido y mide el tiempo que tardan en regresar a su fuente. Esto permite medir la distancia entre el sensor y objetos cercanos. En un robot móvil educativo, se podría utilizar para crear una función de detección de obstáculos. El sensor ultrasónico detectaría la presencia de objetos cerca y activaría una acción de detención o giro en caso de que no haya espacio suficiente. Esto ayudaría a mantener al robot a un seguro distancia y evitar colisiones. También podría utilizar para crear juegos educativos que requieren precisión y coordinación.",1.7637513,3.8243718000003355,0.2202889,52,140,1.3562137,103.22856936189334,609,
2026-06-02T12:16:20.345207,variacion_parametros,llama3.2:3b,top_p,0.95,5,Explica en máximo 120 palabras qué es un sensor ultrasónico y cómo podría usarse en un robot móvil educativo.,0.7,0.95,40,0.0,4096,160,1.1,"Un sensor ultrasónico es un dispositivo que emite ondas de sonido ultrasonicas con frecuencia muy alta (de hasta 40 kHz) y medea el tiempo de vuelta de estas ondas para determinar la distancia a un objeto cercano. El sensor utiliza la física de las ondas para calcular la distancia, lo que lo hace ideal para aplicaciones en entornos donde la visibilidad es limitada.

En un robot móvil educativo, un sensor ultrasónico podría usarse para evitar obstáculos, mantener una distancia segura con otros objetos o personas, y realizar tareas de reconocimiento ambiental. También podría ser utilizado para crear un sistema de seguimiento automático y mejorar la estabilidad del robot en diferentes superficies.",1.9347248,3.965798699999141,0.2032962,52,158,1.5433841,102.37244247883596,703,
2026-06-02T12:16:24.311246,variacion_parametros,llama3.2:3b,top_p,0.95,6,Explica en máximo 120 palabras qué es un sensor ultrasónico y cómo podría usarse en un robot móvil educativo.,0.7,0.95,40,0.0,4096,160,1.1,"Un sensor ultrasónico es un dispositivo que emite ondas de sonido ultrasonicos y detecta las reflejas para medir la distancia a objetos cercanos. Funciona mediante la emisión de pulsoles de alta frecuencia y la detección de los reflejos, lo que permite calcular la distancia con una precisión de unos centímetros.

En un robot móvil educativo, un sensor ultrasónico podría usarse para detectar obstáculos y evitar colisiones. También podría servir para medir el espacio en torno al robot y adaptar su movimiento según las condiciones del entorno. Permite a los estudiantes experimentar la interacción con el mundo físico de una manera segura y controlada.",1.9520641,3.9925507999996626,0.2115628,52,156,1.5715032,99.26801294454889,655,
2026-06-02T12:16:28.304077,variacion_parametros,llama3.2:3b,top_p,0.95,7,Explica en máximo 120 palabras qué es un sensor ultrasónico y cómo podría usarse en un robot móvil educativo.,0.7,0.95,40,0.0,4096,160,1.1,"Un sensor ultrasónico es un dispositivo que emite una onda sonora ultrasonica y detecta la reflección de esta onda para medir la distancia a un objeto cercano. Funciona mediante un módulo de ultrasonido que emite y recibe señales de onda, lo que permite determinar la distancia entre el sensor y el objeto.

En un robot móvil educativo, un sensor ultrasónico podría usarse para la navegación y control de movimiento. Por ejemplo, puede servir como detector de obstáculos o para mantener una distancia precisa con los objetos en su entorno. Esto permite al robot aprender a evitar colisiones y navegar de manera segura.",1.7630635,3.811056800001097,0.1767059,52,148,1.3940252,106.16737774898188,618,
2026-06-02T12:16:32.115383,variacion_parametros,llama3.2:3b,top_p,0.95,8,Explica en máximo 120 palabras qué es un sensor ultrasónico y cómo podría usarse en un robot móvil educativo.,0.7,0.95,40,0.0,4096,160,1.1,"Un sensor ultrasónico es un dispositivo que emite ondas sonoras ultrasonoras y detecta las reflejas para medir la distancia a un objeto cercano. Funciona de manera similar a como funciona el radar, pero con frecuencias más altas y menores distancias de detección.

En un robot móvil educativo, un sensor ultrasónico podría usarse para:

* Medir la distancia al suelo o a objetos cercanos
* Evitar obstáculos y cambiar de dirección
* Detectar cambios en el entorno y ajustar su ruta
* Realizar tareas como ""sentinela"" y alertar cuando se detecte movimiento.

Es una herramienta útil para crear robots autónomos y seguros.",1.9512897,3.984100400000898,0.1960706,52,160,1.5265807,104.80939527140622,620,
2026-06-02T12:16:36.099741,variacion_parametros,llama3.2:3b,top_p,0.95,9,Explica en máximo 120 palabras qué es un sensor ultrasónico y cómo podría usarse en un robot móvil educativo.,0.7,0.95,40,0.0,4096,160,1.1,"Un sensor ultrasónico es un dispositivo que emite ondas sonoras de alta frecuencia y mide el tiempo que tardan en ser reflejadas por un objeto cercano. Este tiempo se utiliza para calcular la distancia entre el sensor y el objeto.

En un robot móvil educativo, un sensor ultrasónico podría usarse para detectar obstáculos o límites. Al emitir ondas sonoras, el sensor puede detectar objetos a una distancia de varios centímetros y tomar decisiones sobre cómo moverse en torno a ellos. Esto permitiría al robot interactuar con su entorno de manera segura y efectiva, como evitar obstáculos o seguir un camino predefinido.",1.8283422,3.877777800000331,0.2092344,52,150,1.4568704,102.96042805180201,620,
2026-06-02T12:16:39.977814,variacion_parametros,llama3.2:3b,top_p,0.95,10,Explica en máximo 120 palabras qué es un sensor ultrasónico y cómo podría usarse en un robot móvil educativo.,0.7,0.95,40,0.0,4096,160,1.1,"Un sensor ultrasónico es un dispositivo que emite ondas ultrasonoras y mide el tiempo de vuelta para detectar objetos cerca. Funciona mediante la expansión de sonido cuando una onda se choca con algo, lo que produce un reflejo. El sensor calcula la distancia a través del tiempo de vuelta hasta la superficie del objeto. En un robot móvil educativo, un sensor ultrasónico podría usarse para:

* Navegar por espacio sin obstáculos
* Detectar límites o paredes
* Medir la altura de un espacio
* Controlar la velocidad y dirección del robot

Este sensor es útil para proyectos educativos que involucren movilidad y navegación.",1.8993078,3.9403899000008096,0.1849703,52,156,1.5545315,100.35177801157455,623,
2026-06-02T12:16:43.918524,variacion_parametros,llama3.2:3b,repeat_penalty,1.0,1,Explica en máximo 120 palabras qué es un sensor ultrasónico y cómo podría usarse en un robot móvil educativo.,0.7,0.9,40,0.0,4096,160,1.0,"Un sensor ultrasónico es un dispositivo que utiliza ondas sonoras de alta frecuencia para detectar obstáculos y medir distancias. Al enviar una onda sonora, el sensor mide el tiempo que tarda en regresar y calcula la distancia al objeto que lo bloquea. En un robot móvil educativo, un sensor ultrasónico podría ser utilizado para evitar colisiones y mantener la estabilidad del robot, permitiendo su movimiento seguro y preciso en entornos de baja visibilidad. También podría usarse para controlar la velocidad y distancia del robot, facilitando la programación y aprendizaje de conceptos de seguridad y navegación.",1.6769426,3.7234687999989546,0.1841103,52,141,1.4332566,98.37735964376512,615,
2026-06-02T12:16:47.642306,variacion_parametros,llama3.2:3b,repeat_penalty,1.0,2,Explica en máximo 120 palabras qué es un sensor ultrasónico y cómo podría usarse en un robot móvil educativo.,0.7,0.9,40,0.0,4096,160,1.0,"Un sensor ultrasónico es un dispositivo que emite ondas de sonido de alta frecuencia y mide el tiempo de vuelta para detectar objetos cercanos. Funciona detectando la diferencia de tiempo entre cuando se emite la onda y cuando se detecta la reflección.

En un robot móvil educativo, un sensor ultrasónico podría usarse para detectar obstáculos y evitar colisiones, lo que permite a los estudiantes aprender sobre programación y control de movimientos. También podría usarse para medir la distancia entre el robot y un objetivo, lo que podría ser útil para tareas como la medición de la altura de un objeto.",1.7740741,3.8471304000013333,0.1562444,52,142,1.5409721,92.1496242534177,606,
2026-06-02T12:16:51.489628,variacion_parametros,llama3.2:3b,repeat_penalty,1.0,3,Explica en máximo 120 palabras qué es un sensor ultrasónico y cómo podría usarse en un robot móvil educativo.,0.7,0.9,40,0.0,4096,160,1.0,"Un sensor ultrasónico es un dispositivo que emite ondas de ultrasonido y mide el tiempo que tardan en reflejarse contra un objeto. El sensor utiliza esta información para calcular la distancia entre el sensor y el objeto. En un robot móvil educativo, un sensor ultrasónico se podría usar para:

- Detectar obstáculos y cambiar de dirección.
- Mantener una distancia segura de los objetos.
- Realizar tareas como seguir a un objeto móvil.
- Implementar sensores de proximidad para evitar chocar contra paredes o objetos.

Este sensor es útil para crear robots educativos inteligentes y seguros.",1.6740612,3.726058700000067,0.1932198,52,140,1.4355558,97.52320320812329,593,
2026-06-02T12:16:55.215896,variacion_parametros,llama3.2:3b,repeat_penalty,1.0,4,Explica en máximo 120 palabras qué es un sensor ultrasónico y cómo podría usarse en un robot móvil educativo.,0.7,0.9,40,0.0,4096,160,1.0,"Un sensor ultrasónico es un dispositivo que emite y detecta sonidos de ultrasonido para medir distancias. Funciona enviando ondas de ultrasonido hacia un objeto y midiendo el tiempo que tardan en regresar. Este tiempo se utiliza para calcular la distancia entre el sensor y el objeto. En un robot móvil educativo, un sensor ultrasónico se podría utilizar para evitar obstáculos, seguir una ruta, detectar cambios en el entorno o incluso realizar tareas de ""inspección"" de objetos. También podría ser utilizado para crear un sistema de control de distancia, permitiendo al robot mantener una distancia segura de objetos y personas.",1.735446,3.7813608000014938,0.2141745,52,141,1.4684638,96.01871016500372,630,
2026-06-02T12:16:58.997495,variacion_parametros,llama3.2:3b,repeat_penalty,1.0,5,Explica en máximo 120 palabras qué es un sensor ultrasónico y cómo podría usarse en un robot móvil educativo.,0.7,0.9,40,0.0,4096,160,1.0,"Un sensor ultrasónico es un dispositivo que emite sonidos ultrasonicos y medida el tiempo que tardan en ser reflejados por un objeto cercano. Este tiempo se utiliza para calcular la distancia entre el sensor y el objeto. En un robot móvil educativo, un sensor ultrasónico podría usarse para evitar obstáculos, detectar la proximidad de objetos o personas, y ajustar la velocidad del robot en función de la distancia. También podría usarse para detectar cambios en el entorno, como la presencia de un obstáculo, y realizar acciones en consecuencia. Es una herramienta útil para la seguridad y la autonomía de un robot.",1.6820467,3.7159308000009332,0.1933273,52,144,1.4295034,100.73428296847703,617,
2026-06-02T12:17:02.713638,variacion_parametros,llama3.2:3b,repeat_penalty,1.0,6,Explica en máximo 120 palabras qué es un sensor ultrasónico y cómo podría usarse en un robot móvil educativo.,0.7,0.9,40,0.0,4096,160,1.0,"Un sensor ultrasónico es un dispositivo que emite sonidos de alta frecuencia y mide el tiempo que tardan en ser devueltos por un objeto cercano. El tiempo de retorno se convierte en una medida de la distancia entre el sensor y el objeto. En un robot móvil educativo, un sensor ultrasónico podría usarse para:

* Medir la distancia entre el robot y el entorno
* Detectar obstáculos y cambiar de dirección
* Establecer límites de seguridad
* Enviar señales para interactuar con objetos a distancia

Este sensor es útil para robots que necesitan navegar en espacios desconocidos o interactuar con objetos en su entorno.",1.9076077,3.9691136999990704,0.2217672,52,150,1.6102183,93.15507096149634,616,
2026-06-02T12:17:06.682971,variacion_parametros,llama3.2:3b,repeat_penalty,1.0,7,Explica en máximo 120 palabras qué es un sensor ultrasónico y cómo podría usarse en un robot móvil educativo.,0.7,0.9,40,0.0,4096,160,1.0,"Un sensor ultrasónico es un dispositivo que emite ondas sonoras de alta frecuencia y mide el tiempo de vuelta para detectar obstáculos cercanos. Funciona detectando la diferencia de tiempo entre la emisión de la onda y la recepción de la onda reflejada. Este sensor es ideal para aplicaciones que requieren una detección de distancia, como en robots móviles educativos.

En un robot educativo, un sensor ultrasónico podría usarse para detectar obstáculos, evitar colisiones y realizar acciones como ""saltar"" sobre ellos. También podría usarse para detectar cambios en la distancia, lo que podría ser útil para robots que necesitan adaptarse a entornos cambiantes. Es",1.8091016,3.873348299999634,0.1532824,52,160,1.5952488,100.29783441930813,666,
2026-06-02T12:17:10.556533,variacion_parametros,llama3.2:3b,repeat_penalty,1.0,8,Explica en máximo 120 palabras qué es un sensor ultrasónico y cómo podría usarse en un robot móvil educativo.,0.7,0.9,40,0.0,4096,160,1.0,"Un sensor ultrasónico es un dispositivo que emite ondas sonoras de alta frecuencia y detecta el tiempo de vuelo entre el emisor y el receptor. Esto le permite medir la distancia a un objeto cercano. El sensor ultrasónico se puede utilizar en un robot móvil educativo para evitar obstáculos, detectar objetos y realizar tareas de seguimiento. La tecnología es económica y fácil de implementar. El robot puede utilizar los datos del sensor ultrasónico para cambiar de dirección, evitar chocar con obstáculos o realizar tareas de seguimiento de objetos. Es una herramienta útil para educar a los estudiantes sobre la programación y la inteligencia artificial.",1.8011035,3.862105899999733,0.2012509,52,149,1.552628,95.9663229054223,656,
2026-06-02T12:17:14.418993,variacion_parametros,llama3.2:3b,repeat_penalty,1.0,9,Explica en máximo 120 palabras qué es un sensor ultrasónico y cómo podría usarse en un robot móvil educativo.,0.7,0.9,40,0.0,4096,160,1.0,"Un sensor ultrasónico es un dispositivo que emite ondas sonoras de alta frecuencia y mide el tiempo que tardan en reflejarse en un objeto. Estas ondas se pueden detectar con un sensor especializado que calcula la distancia entre el objeto y el sensor. En un robot móvil educativo, se puede utilizar un sensor ultrasónico para detectar obstáculos y evitar colisiones con ellos. El sensor puede ser utilizado en la parte inferior del robot para detectar alturas, permitiendo al robot moverse en espacios estrechos y evitar caídas. También puede ser utilizado para medir la distancia entre el robot y otros objetos.",1.6907586,3.759731500000271,0.1854209,52,142,1.4233365,99.76558600162365,612,
2026-06-02T12:17:18.179143,variacion_parametros,llama3.2:3b,repeat_penalty,1.0,10,Explica en máximo 120 palabras qué es un sensor ultrasónico y cómo podría usarse en un robot móvil educativo.,0.7,0.9,40,0.0,4096,160,1.0,"Un sensor ultrasónico es un dispositivo que emite ondas ultrasónicas y detecta las reflejas que regresan desde objetos cercanos. Estas ondas tienen una longitud de onda extremadamente corta, lo que les permite medir distancias con alta precisión.

En un robot móvil educativo, un sensor ultrasónico podría usarse para medir la distancia entre el robot y los obstáculos o para detectar la presencia de objetos. Esto permitiría al robot moverse de manera segura y evitar colisiones. Además, el sensor ultrasónico podría ser utilizado para crear un sistema de navegación autónoma, permitiendo al robot moverse de manera independiente y aprender a evitar obstáculos en un entorno",1.810769,3.866743399999905,0.2134748,52,160,1.550446,103.19611260243826,675,
2026-06-02T12:17:22.046094,variacion_parametros,llama3.2:3b,repeat_penalty,1.2,1,Explica en máximo 120 palabras qué es un sensor ultrasónico y cómo podría usarse en un robot móvil educativo.,0.7,0.9,40,0.0,4096,160,1.2,"Un sensor ultrasónico es una herramienta que emite pulso de ultrasonido hacia el entorno e identifica la distancia hasta objeto cercano. Funciona mediendo el tiempo entre emitir el sonido y recibir su reflejo. El sensor utiliza esta información para calcular la distancia.

En un robot móvil educativo, se podría utilizar un sensor ultrasónico como una herramienta de detección de obstáculos o paredes en movimiento. Permite al robot detectar sus limitaciones físicas y adaptarse a nuevos entornos, enseñando conceptos sobre movilidad y seguridad. También puede usarse para controlar la velocidad del robot según las condiciones del espacio.",1.8219041,3.8572578000002977,0.2332527,52,145,1.4143864,102.51795407535027,641,
2026-06-02T12:17:25.903569,variacion_parametros,llama3.2:3b,repeat_penalty,1.2,2,Explica en máximo 120 palabras qué es un sensor ultrasónico y cómo podría usarse en un robot móvil educativo.,0.7,0.9,40,0.0,4096,160,1.2,"Un sensor ultrasónico es una tecnología que detecta objetos cercanos mediante la emisión de ondas sonoras ultrasonicas, lo cual se traduce en vibraciones cuando chocan con superficies. Estas ondas pueden ser rebotadas hacia adelante o atrás para medir la distancia al objeto.

En un robot móvil educativo, el sensor ultrasónico puede usarse como una forma de detectar obstáculos y mantenerse seguro mientras se mueve por un espacio determinado. También podría utilizarse para seguir patrones con precisión, interactuar con objetos a cierta distancia o incluso crear efectos especiales en la programación del robot.",1.6971596,3.7457871999995405,0.1773645,52,141,1.4083802,100.11501155724852,614,
2026-06-02T12:17:29.649682,variacion_parametros,llama3.2:3b,repeat_penalty,1.2,3,Explica en máximo 120 palabras qué es un sensor ultrasónico y cómo podría usarse en un robot móvil educativo.,0.7,0.9,40,0.0,4096,160,1.2,"Un sensor ultrasónico es una tecnología que utiliza ondas de ultrasonido para detectar obstáculos o cambios en el entorno. Funciona enviando sonidos altamente frecuentados hacia la superficie del objeto y mediendo las reacciones reflejadas. En un robot móvil educativo, este sensor podría usarse para evitar colisiones con objetos o personas, permitiendo al robot moverse de manera segura y controlada. También podría ser utilizado para detectar cambios en el entorno, como presencia de obstáculos o apertura de puertas, lo que ayudaría a mejorar la autonomía del robot y su capacidad para interactuar con su entorno.",1.8073935,3.8375687999996444,0.1809846,52,144,1.476179,97.54914546271151,617,
2026-06-02T12:17:33.487465,variacion_parametros,llama3.2:3b,repeat_penalty,1.2,4,Explica en máximo 120 palabras qué es un sensor ultrasónico y cómo podría usarse en un robot móvil educativo.,0.7,0.9,40,0.0,4096,160,1.2,"Un sensor ultrasónico es un dispositivo que emite ondas sonoras de alta frecuencia y mide el tiempo de vuelta para detectar objetos cercanos. Funciona igual que la voz humana, pero con una frecuencia mucho más alta.

En un robot móvil educativo, se podría utilizar un sensor ultrasónico para crear un sistema de detección de obstáculos. El sensor emite ondas y mide el tiempo de vuelta; si algo bloquea las ondas, significa que hay un obstáculo cerca del robot. Esto permite al robot moverse a través de una zona segura, enseñando a los estudiantes sobre la importancia de la seguridad en robótica.",1.7905592,3.852647400000933,0.1949207,52,148,1.4274551,103.68101945903588,598,
2026-06-02T12:17:37.340307,variacion_parametros,llama3.2:3b,repeat_penalty,1.2,5,Explica en máximo 120 palabras qué es un sensor ultrasónico y cómo podría usarse en un robot móvil educativo.,0.7,0.9,40,0.0,4096,160,1.2,"Un sensor ultrasónico es un dispositivo que emite ondas sonoras de alta frecuencia (por lo general, ultrasonido) hacia el entorno. Cuando la onda se refleja y regresa al sensor, medirá su tiempo de vuelo para calcular la distancia entre el objeto y el sensor.

En un robot móvil educativo, los sensores ultrasónicos podrían usarse para:

- Medir la distancia a objetos cercanos
- Evitar obstáculos o colisiones con otros robots
- Realizar tareas de seguimiento precisa en entornos cerrados",1.6004792,3.6386542999989615,0.2228732,52,127,1.235834,102.76461078105959,489,
2026-06-02T12:17:40.979175,variacion_parametros,llama3.2:3b,repeat_penalty,1.2,6,Explica en máximo 120 palabras qué es un sensor ultrasónico y cómo podría usarse en un robot móvil educativo.,0.7,0.9,40,0.0,4096,160,1.2,"Un sensor ultrasonico es una tecnología que emite ondas de sonido y mide el tiempo que tardan en ser reflejadas por un objeto cercano. Este tiempo se utiliza para calcular la distancia entre el dispositivo del sensores y el objeto.

En un robot móvil educativo, los sensores ultrasonicos pueden usarse para detectar obstáculos o límites, permitiendo al robot mantenerse a una distancia segura de ellos. También pueden utilizarse para medir la altura de los obstáculos, lo que permite al robot realizar tareas como caminar sobre un tablero con obstáculos. Esto puede ser útil en actividades educativas, como enseñar a los estudiantes cómo se comporta un robot en diferentes entornos",1.9064537,3.9377251000005344,0.2355998,52,160,1.4603774,109.56072040008289,681,
2026-06-02T12:17:44.917163,variacion_parametros,llama3.2:3b,repeat_penalty,1.2,7,Explica en máximo 120 palabras qué es un sensor ultrasónico y cómo podría usarse en un robot móvil educativo.,0.7,0.9,40,0.0,4096,160,1.2,"Un sensor ultrasonico es una tecnología que emite ondas de sonido a alta frecuencia hacia su entorno, midiendo el tiempo que tardan en regresar para detectar obstáculos o objetos cercanos. Este sensor se utiliza comúnmente en aplicaciones como la detección de movimiento y distancia.

En un robot móvil educativo, un sensor ultrasonico podría usarse para:

- Medir la distancia entre el robot y los muros o obstáculos.
- Detectar cambios en la posición del robot respecto a su entorno.
- Ayudar al sistema de control a tomar decisiones sobre cómo avanzar o cambiar dirección.

Este sensor es especialmente útil en robots educativos, ya que permite una interacción segura con el entorno",1.8913532,3.9367815000005066,0.1544803,52,160,1.5073616,106.1457317209089,685,
2026-06-02T12:17:48.854161,variacion_parametros,llama3.2:3b,repeat_penalty,1.2,8,Explica en máximo 120 palabras qué es un sensor ultrasónico y cómo podría usarse en un robot móvil educativo.,0.7,0.9,40,0.0,4096,160,1.2,"Un sensor ultrasonico es una unidad que emite sonidos de alta frecuencia y mide la duración del tiempo hasta que el sonido se detiene después de chocar con algo, como un objeto o superficie. Esto permite medir distancias precisas en el espacio cercano.

En un robot móvil educativo, un sensor ultrasonico podría usarse para detectar obstáculos y evitar colisiones con objetos o personas. También puede utilizarse para seguir una trayectoria determinada, como la distancia hasta una pared o objeto. Esto permite a los estudiantes aprender sobre programación, navegación y seguridad en robots.",1.6855338,3.7201804999986052,0.1727241,52,134,1.3186133,101.62190840938734,591,
2026-06-02T12:17:52.574576,variacion_parametros,llama3.2:3b,repeat_penalty,1.2,9,Explica en máximo 120 palabras qué es un sensor ultrasónico y cómo podría usarse en un robot móvil educativo.,0.7,0.9,40,0.0,4096,160,1.2,"Un sensor ultrasónico es un dispositivo que emite sonidos de ultrasonido hacia el entorno y mide la distancia entre él mismo y objetos cercanos mediante los reflejos de estos sonidos. Estos sensores se utilizan comúnmente en aplicaciones como el seguimiento, el movimiento y la detección.

En un robot móvil educativo, un sensor ultrasónico podría usarse para detectar obstáculos o límites y tomar decisiones sobre cómo avanzar o cambiar de dirección. Esto permitiría al robot navegar por su entorno de manera autónoma y aprendiendo a adaptarse con el tiempo. Además, se pueden usar sensores ultrasónica en la programación del comportamiento del robot para enseñar concept",1.9628807,4.016982700000881,0.1750065,52,160,1.6001321,99.99174443160037,672,
2026-06-02T12:17:56.591776,variacion_parametros,llama3.2:3b,repeat_penalty,1.2,10,Explica en máximo 120 palabras qué es un sensor ultrasónico y cómo podría usarse en un robot móvil educativo.,0.7,0.9,40,0.0,4096,160,1.2,"Un sensor ultrasonico es una pieza de tecnologia que emite ondas sonoras y mide el tiempo que tarda para reflejarlas sobre una superficie, permitiendo medir la distancia a ese objeto. En un robot móvil educativo se podría utilizar un sensor ultrasónico para detectar obstáculos o límites en su camino. Esta tecnología puede ayudar al robot a evitar colisiones y mantenerse seguro mientras recorre el espacio. También permite una mayor autonomía, permitiéndole seguir instrucciones precisas sin necesidad de humanos.",1.5378045,3.5699604999990697,0.2131448,52,124,1.1567704,107.19499738236732,515,
2026-06-02T12:18:00.161981,variacion_parametros,llama3.2:3b,repeat_penalty,1.5,1,Explica en máximo 120 palabras qué es un sensor ultrasónico y cómo podría usarse en un robot móvil educativo.,0.7,0.9,40,0.0,4096,160,1.5,"Un sensores ultra sonic se utiliza para detectar obstáculos a una distancia determinada mediante la emisión de pulses sonoros ultrasonicos, los cuales viajan hasta que chocan con algo u otros objetos y luego vuelven al sensor como señales reflejadas. El cambio en el tiempo entre emitir estos impulsos es muy pequeño para ser detectado por un microprocesador.

En robots educativos puede usarse este tipo de sensores, porque son económicos e ideados especialmente con fines académicas.",1.4536316,3.497856399999364,0.1894528,52,115,1.1134783,103.27996513268378,485,
2026-06-02T12:18:03.660104,variacion_parametros,llama3.2:3b,repeat_penalty,1.5,2,Explica en máximo 120 palabras qué es un sensor ultrasónico y cómo podría usarse en un robot móvil educativo.,0.7,0.9,40,0.0,4096,160,1.5,"Un sensor ultrasonico mide la distancia entre el objeto que lo alberga con respecto a otra superficie utilizando ondas de sonido infrarrojas, las cuales se emiten por alto volumen repetidamente hasta encontrar algo y reflejarlo regresando hacia su origen. Al detectar este cambio en patrón los sensoires pueden calcular la distancia que el objeto está desde ellos.

En un robot móvil educativo podría usarse para ayudarlo a navegar dentro de una habitación o espacio limitado, permitiendo al usuario programalo y enseñárselo sobre su entorno.",1.6086164,3.6383475000002363,0.1949724,52,129,1.2774063,100.98588052994572,542,
2026-06-02T12:18:07.298748,variacion_parametros,llama3.2:3b,repeat_penalty,1.5,3,Explica en máximo 120 palabras qué es un sensor ultrasónico y cómo podría usarse en un robot móvil educativo.,0.7,0.9,40,0.0,4096,160,1.5,"Unsensor ultrasonico se utiliza para detectar objetos a una distancia determinada mediante la emision de ondas sonoras que rebotan contra el objeto, lo cual provoca un cambio significativamente rápido del volumen producido por los sensores en respuesta al tiempo necesario transcurrido entre las dos señales. El sensor ultrasonico se puede usar para detectar obstáculos o adentrarse a cierta distancia sin colisiones con objetos cercanos, lo que permite una mayor autonomía y estabilidad del robot móvil educativo.

Se pueden integrarlo en un sistema de control para crear sensores externos.",1.6306374,3.6806510999995226,0.1549336,52,133,1.3250146,100.37625245789744,591,
2026-06-02T12:18:10.979718,variacion_parametros,llama3.2:3b,repeat_penalty,1.5,4,Explica en máximo 120 palabras qué es un sensor ultrasónico y cómo podría usarse en un robot móvil educativo.,0.7,0.9,40,0.0,4096,160,1.5,"Unsensor ultrasonico es una tecnologia de detección que utiliza ondas sonoras para detectar objetos cercanos a su proximidad, generalmente mediante la emision e recepcion del mismo tipo de señal de ultrasonidos.

En un robot móvil educativo podría usarse como sensor frontal o trasero. El sensores pueden ser utilizados en varios escenarios con el robots donde se requiere deteccionar obstaculos y distancias, por ejemplo al evitar choques contra objetos a distancia",1.3606088,3.409805999999662,0.1676409,52,110,1.0583441,103.9359505098578,466,
2026-06-02T12:18:14.389713,variacion_parametros,llama3.2:3b,repeat_penalty,1.5,5,Explica en máximo 120 palabras qué es un sensor ultrasónico y cómo podría usarse en un robot móvil educativo.,0.7,0.9,40,0.0,4096,160,1.5,"Un sensores ultraconductor (ultrasonic) detecta obstáculos a una distancia muy corto, generalmente entre los cien centímetros hasta varios metros de distancia según el modelo específico del sensor.

Este dispositivo emite sonidos ultrasonicos y analiza la reacción o reflejo. Por ejemplo: si un objeto está frente al sensores ultraconductor puede bloquear parte por completo, detectará que los sonido se ha cortado; mientras una persona con su cabeza inclinada hacia abajo es capaz de moverse sin problemas.

En robot móvil educativo podría usarse para evitar obstáculos y mantener la estabilidad del vehículo.",1.7190534,3.7742990999995527,0.1661991,52,145,1.3932731,104.07148462135672,610,
2026-06-02T12:18:18.164254,variacion_parametros,llama3.2:3b,repeat_penalty,1.5,6,Explica en máximo 120 palabras qué es un sensor ultrasónico y cómo podría usarse en un robot móvil educativo.,0.7,0.9,40,0.0,4096,160,1.5,"Unsensor ultrasonico son dispositivos que emiten ondas de alta frecuencia para detectar objetos cercanos a través del movimiento de las mismas cuando se reflejan contra la superficie objeto adyacente, creando una imagen 3D en tiempo real.

En un robot móvil educativo podría usarse como uno sensor ultrasonico. Este sensores son ideales porque pueden ser conectados fácilmente y funcionan con batería o alimentación eléctrica.
El uso de este dispositivo puede ayudar a mejorar la seguridad del sistema, detectando objetos cerca al área que camina el robot",1.5782669,3.6058161000000837,0.1939557,52,128,1.2187981,105.02149617725856,555,
2026-06-02T12:18:21.770399,variacion_parametros,llama3.2:3b,repeat_penalty,1.5,7,Explica en máximo 120 palabras qué es un sensor ultrasónico y cómo podría usarse en un robot móvil educativo.,0.7,0.9,40,0.0,4096,160,1.5,"Un sensores ultra sonico utiliza ondas de ultrasonido para detectar objetos o distancias a una distancia determinada, típicamente entre los dos metros hasta cinco pies desde la fuente del dispositivo.

Este tipo puede ser utilizado como parte integral en un robot móvil educativo. El sensor podría ayudarlo al avance y detenerse cuando lo encuentre algo cerca de él; también se pueden utilizar estos sensores para detectar obstáculos o límites, permitiendo que el drone pueda mantener una distancia segura mientras recorre trayectos preestablecidos en un espacio determinado.",1.7299103,3.7843033999997715,0.217164,52,128,1.3816097,92.64555684575753,575,
2026-06-02T12:18:25.554953,variacion_parametros,llama3.2:3b,repeat_penalty,1.5,8,Explica en máximo 120 palabras qué es un sensor ultrasónico y cómo podría usarse en un robot móvil educativo.,0.7,0.9,40,0.0,4096,160,1.5,"Un sensor ultrasonico es una tecnología que utiliza ondas de sonido para detectar objetos a gran distancia, permitiendo medir la proximidad o el tamaño del objeto frente al dispositivo.

En un robots muelos educatevivos se puede utilizar como componente fundamental en su diseño. El sensores pueden ser programados y configurado por los profesores e instructores de robotica para detectar obstáculos con una mayor precisión, permitiendo a niños o estudiantes aprender sobre la físico-mecánicas del sensor ultrasonicos que son fundamentales durante este tipo de actividades educativas.",1.5975612,3.6485612000014953,0.1911985,52,126,1.2536107,100.509671782476,584,
2026-06-02T12:18:29.203747,variacion_parametros,llama3.2:3b,repeat_penalty,1.5,9,Explica en máximo 120 palabras qué es un sensor ultrasónico y cómo podría usarse en un robot móvil educativo.,0.7,0.9,40,0.0,4096,160,1.5,"Unsensor ultrasonico (tambien conocido como rango sonar) emite ondas de alta frecuencia que se reflejan cuando chocan con objetos cercanos, permitiendo medir la distancia entre el sensor y estos elementos o detectando obstáculos en su camino.

En un robot móvil educativo, los sensores ultrasonicos pueden usarse para:

* Medidar distancias: El botón puede utilizar esto como una herramienta de aprendizaje sobre espacio personal.
 - Al hacer que se mueva a diferentes velocidades al pasar por el sensor y medir la distancia entre ellos.",1.6415619,3.682132300000376,0.1927138,52,130,1.2940615,100.45890400108496,537,
2026-06-02T12:18:32.886267,variacion_parametros,llama3.2:3b,repeat_penalty,1.5,10,Explica en máximo 120 palabras qué es un sensor ultrasónico y cómo podría usarse en un robot móvil educativo.,0.7,0.9,40,0.0,4096,160,1.5,"Unsensor ultrasonico utiliza ondas sonoras para detectar objetos cercanos, permitiendo medir la distancia entre el dispositivo que lo lleva (el bot) o una superficie a determinada frecuencia de hertz con precisión y velocidad.

En un robot móvil educativo puede servir como medio para los estudiantes aprender sobre percepción sensorial.",1.069402,3.1210694999990665,0.1558975,52,75,0.8294066,90.4260949936979,337,
